x,y,steering,throttle,speed
-40.62,108.73,-0,0,0
-40.62,108.73,-0,0,0.438009
-40.62,108.73,2.73392e-05,1,3.50402
-40.62,108.73,0.0593481,1,6.56995
-40.6561,108.702,0.111079,1,1.58185
-40.7006,108.67,0.0764114,1,1.88114
-40.7879,108.602,0.117142,1,2.09035
-40.9141,108.503,0.118051,1,2.96463
-41.1185,108.34,0.114949,1,4.22885
-41.3606,108.144,0.103173,1,5.56031
-41.6737,107.892,0.0784087,1,7.10163
-42.5296,107.2,0.0519858,1,10.2478
-42.9882,106.826,0.0275796,1,11.6484
-43.4125,106.486,-0.0076589,1,12.6783
-44.2807,105.806,-0.0153284,1,14.7113
-45.0428,105.217,-0.013946,1,15.951
-45.8816,104.573,-0.00780705,1,17.6158
-46.7923,103.876,-0.0054904,1,18.8751
-47.7764,103.125,-0.0042285,1,20.4304
-48.8308,102.323,-0.0024791,1,21.7378
-49.9551,101.468,-0.000658646,1,23.1591
-51.1472,100.563,0.000903375,1,24.4982
-52.4057,99.6054,0.00221081,1,25.8352
-53.7288,98.5962,0.00328947,1,27.1502
-55.1147,97.5349,0.00414325,1,28.4463
-56.7735,96.2577,0.00476899,1,29.9048
-58.2885,95.0837,0.00521112,1,31.1612
-59.8611,93.8567,0.00556569,1,32.3995
-61.4895,92.5764,0.00575432,1,33.6199
-63.1721,91.2424,0.00585511,1,34.8227
-64.9064,89.8536,0.00863271,1,36.008
-66.6898,88.4083,0.00847707,1,37.1762
-68.5205,86.9065,0.00705855,1,38.3277
-70.3975,85.3484,0.00618237,1,39.4626
-72.3197,83.7345,0.0057328,1,40.5811
-74.2862,82.0654,0.00531884,1,41.6834
-76.2958,80.3415,0.00502591,1,42.7698
-78.052,78.8207,0.00498572,1,43.6885
-80.139,76.9961,0.00515511,1,44.7459
-82.2657,75.1172,0.00539093,1,45.7881
-84.1183,73.4625,0.00851169,1,46.6691
-86.3107,71.4781,0.00878567,1,47.6832
-88.5344,69.4346,0.00762378,1,48.6828
-90.464,67.6357,0.0070903,1,49.5281
-92.7414,65.4818,0.0069721,1,50.5011
-94.7147,63.5882,0.00674157,1,51.3238
-97.0407,61.3239,0.00638722,1,52.2708
-99.0533,59.3356,0.00788864,1,53.0715
-101.421,56.9596,0.00731194,1,53.9932
-103.467,54.8749,0.00607132,1,54.7726
-105.528,52.7466,0.00558236,1,55.5424
-107.95,50.209,0.00567939,1,56.4285
-110.04,47.9873,0.00574297,1,57.1777
-112.143,45.7222,0.00788203,1,57.9174
-114.254,43.4121,0.00877177,1,58.6478
-116.373,41.0561,0.00869246,1,59.3692
-118.497,38.653,0.00892672,1,60.0817
-120.624,36.202,0.00940251,1,60.7852
-123.106,33.2804,0.00960872,1,61.5948
-125.231,30.7221,0.0095693,1,62.2795
-127.352,28.1133,0.00950851,1,62.9557
-129.466,25.4531,0.0106565,1,63.6231
-131.572,22.7413,0.00892572,1,64.2826
-133.67,19.9787,0.00669871,1,64.9341
-135.76,17.167,0.00607031,1,65.5776
-137.843,14.3075,0.00628771,1,66.2129
-139.918,11.4003,0.00930528,1,66.8397
-141.982,8.44444,0.00949554,1,67.4589
-143.692,5.94362,0.00865016,1,67.9692
-145.73,2.89735,0.0092756,1,68.5745
-147.75,-0.199057,0.0104893,1,69.1719
-149.749,-3.34748,0.0139364,1,69.761
-152.044,-7.08985,0.0144646,1,70.439
-153.656,-9.81011,0.0137958,1,70.9174
-155.554,-13.1273,0.0144264,1,71.4847
-157.714,-17.0718,0.0153655,1,72.1369
-159.808,-21.0978,0.0158501,1,72.7794
-161.542,-24.6142,0.0163605,1,73.3223
-163.488,-28.795,0.019759,1,73.9453
-165.337,-33.0614,0.0191106,1,74.5592
-167.081,-37.4127,0.0170103,1,75.1649
-168.486,-41.2091,0.0222942,1,75.6742
-170.006,-45.7165,0.0227141,1,76.2596
-171.2,-49.6454,0.0198018,1,76.7559
-172.288,-53.6324,0.0209924,1,77.2448
-173.266,-57.6746,0.0203548,1,77.7274
-174.13,-61.7689,0.0193914,1,78.2039
-174.876,-65.912,0.0213115,1,78.673
-175.676,-71.5066,0.0254449,1,79.2856
-176.05,-75.0412,0.0299226,1,79.6601
-176.383,-80.0333,0.0411793,1,80.1669
-176.452,-85.0673,0.0440751,1,80.6626
-176.267,-89.4029,0.0475761,1,81.0768
-175.731,-94.4647,0.0489546,1,81.5488
-174.974,-98.7854,0.0479344,1,81.9457
-173.726,-103.775,0.0484338,1,82.3963
-172.336,-107.983,0.0452529,1,82.7772
-170.951,-111.422,0.0455649,1,83.0872
-169.018,-115.451,0.0458471,1,83.451
-166.794,-119.348,0.0445873,1,83.8093
-163.844,-123.701,0.0450559,1,84.2162
-161.023,-127.242,0.0411366,1,84.5659
-157.95,-130.593,0.0368961,1,84.9101
-154.075,-134.248,0.0380563,1,85.3107
-150.521,-137.148,0.0409372,1,85.6379
-146.772,-139.819,0.0345256,1,85.976
-142.849,-142.263,0.0272201,1,86.3155
-138.774,-144.484,0.0248491,1,86.6533
-133.858,-146.805,0.0233778,1,87.0453
-129.526,-148.574,0.018607,1,87.3819
-125.101,-150.152,0.0180339,1,87.7176
-119.84,-151.767,0.0163577,1,88.1071
-115.259,-152.97,0.0139927,1,88.4414
-110.622,-154.022,0.00962483,1,88.7757
-105.153,-155.08,0.00715314,1,89.165
-100.424,-155.86,0.00684983,1,89.4955
-95.6601,-156.534,0.0109221,1,89.8218
-90.0635,-157.19,0.00990099,1,90.2
-85.2364,-157.648,0.00659933,1,90.523
-80.3844,-158.018,0.00724184,1,90.8424
-74.6952,-158.344,0.00757199,1,91.211
-69.7964,-158.539,0.00597282,1,91.5238
-64.8784,-158.661,0.00460547,1,91.8338
-59.1185,-158.719,0.00641062,1,92.1904
-54.1636,-158.696,0.00763229,1,92.492
-49.1934,-158.608,0.00708332,1,92.7906
-44.2088,-158.454,0.00653789,1,93.0857
-39.2115,-158.236,0.00672499,1,93.4151
-34.1988,-157.952,0.00666952,1,93.728
-28.3402,-157.534,0.011015,1,93.9569
-23.3095,-157.098,0.009433,1,94.2584
-18.2696,-156.59,0.00427548,1,94.5404
-12.3803,-155.914,0.0027504,1,94.8533
-6.48041,-155.161,0.000966453,1,95.1684
-2.25915,-154.585,-0.00320083,1,95.3905
3.6625,-153.744,-0.00629438,1,95.6976
7.90226,-153.131,-0.00600789,1,95.9147
13.8537,-152.268,-0.0041426,1,96.2148
19.8248,-151.411,-0.00423085,1,96.5108
24.9594,-150.689,-0.00398171,1,96.7612
30.1094,-149.981,-0.00137298,1,97.0085
36.1365,-149.169,0.00193623,1,97.2929
41.3177,-148.481,0.00210621,1,97.5335
47.3789,-147.677,0.00304155,1,97.8104
52.5869,-146.981,0.00623767,1,98.0443
57.8045,-146.264,0.0127335,1,98.2742
63.0286,-145.504,0.0149698,1,98.5008
69.1196,-144.553,0.0158806,1,98.4672
74.3421,-143.644,0.0198788,1,99.0995
80.4278,-142.433,0.0268888,1,99.1817
85.6191,-141.24,0.0309368,1,99.4048
90.777,-139.86,0.0406385,1,99.621
95.8023,-138.276,0.0450528,0,96.8143
100.572,-136.503,0.0470245,0,93.4784
105.064,-134.523,0.0687298,0,90.1523
109.248,-132.312,0.076191,0,86.8631
113.09,-129.863,0.0762136,0,83.6178
117.096,-126.713,0.0921552,0,79.8609
120.08,-123.781,0.102586,0,76.6962
122.991,-120.131,0.107949,1,73.8485
125.035,-116.73,0.108888,1,74.1621
126.626,-113.075,0.112625,1,74.5004
127.703,-109.219,0.108276,1,74.8434
128.272,-104.559,0.0882456,1,75.2817
128.231,-100.511,0.0675204,1,75.6367
127.556,-95.8139,0.0489788,1,76.07
126.506,-91.8591,0.0347892,1,76.473
125.095,-87.9944,0.0228325,1,76.8934
123.086,-83.6024,0.00924615,1,77.4053
121.13,-79.924,-0.0021826,1,77.8593
118.661,-75.7013,-0.0118097,1,78.3932
116.065,-71.5157,-0.0118208,1,78.9256
113.779,-67.9347,-0.00971528,1,79.386
111.071,-63.7461,-0.00839399,1,79.9206
108.34,-59.5332,-0.00563068,1,80.4497
105.988,-55.8979,-0.0018775,1,80.9003
103.627,-52.2395,0.000443152,1,81.3456
101.653,-49.1738,0.000366764,1,81.7134
98.8788,-44.8561,-0.000787586,1,82.2227
96.0935,-40.5075,-0.00221046,1,82.7277
93.7004,-36.7545,-0.00585768,1,83.1468
91.3171,-32.969,-0.0225507,1,83.5606
88.9732,-29.1332,-0.0317046,1,83.9661
86.7044,-25.2277,-0.0380847,1,84.3617
84.5551,-21.232,-0.0514383,1,84.7401
82.5866,-17.1228,-0.0680929,1,85.0916
80.6241,-12.1593,-0.0820661,1,85.4676
79.3537,-7.82934,-0.109164,0,82.7948
78.5002,-2.86016,-0.133328,0,79.0111
78.3388,1.27249,-0.135902,0,75.7884
78.6982,5.21494,-0.135259,1,72.8815
79.8568,9.6265,-0.131184,1,73.0979
81.4891,13.198,-0.117565,1,73.4057
83.6686,16.487,-0.0943077,1,73.7718
86.3187,19.439,-0.070007,1,74.174
89.88,22.4396,-0.0416848,1,74.6787
93.2275,24.6634,-0.015769,1,75.1304
96.7632,26.6276,0.00483931,1,75.6045
101.043,28.6896,0.0181223,1,76.1581
104.797,30.3409,0.0238629,1,76.6401
108.596,31.9511,0.0313377,1,77.1294
112.418,33.5764,0.0348581,1,77.6129
116.878,35.5486,0.0322317,1,78.1653
120.688,37.3355,0.0271643,1,78.6464
124.476,39.2266,0.0218314,1,79.1192
128.235,41.2277,0.0189309,1,79.5868
132.581,43.7011,0.0130875,1,80.1262
136.271,45.9323,0.0073079,1,80.5812
139.934,48.2546,0.00476872,1,81.0327
143.571,50.6604,0.0102593,1,81.4765
147.182,53.1474,0.0124785,1,81.9107
150.763,55.7157,0.0141323,1,82.3343
154.896,58.8233,0.0210205,1,82.825
158.382,61.5981,0.0312502,1,83.2315
162.35,64.9978,0.0432307,1,83.6876
166.144,68.6279,0.0700274,1,84.096
169.181,71.9767,0.0818431,1,84.4217
171.937,75.5801,0.0904832,1,84.724
174.294,79.3826,0.0977087,0,82.0935
176.408,83.9139,0.105569,0,78.3677
177.809,88.4698,0.109787,0.813835,75.1986
178.519,93.1265,0.0989244,1,75.4998
178.628,96.5068,0.086322,1,75.7837
178.193,101.24,0.0758222,1,76.1783
177.075,105.886,0.0668303,1,76.5978
175.623,109.74,0.0560315,1,76.9755
173.425,114.044,0.0416904,1,77.4429
171.181,117.553,0.024999,1,77.864
168.23,121.453,0.0133083,1,78.3672
165.003,125.17,0.0117428,1,78.8733
161.559,128.73,0.0133661,1,79.3665
158.462,131.671,0.0156407,1,79.8097
155.241,134.512,0.0226112,1,80.2299
151.902,137.248,0.026906,1,80.6524
148.443,139.868,0.0276964,1,81.0837
144.257,142.767,0.0295572,1,81.5582
140.54,145.099,0.0346384,1,81.9772
136.052,147.618,0.0352792,1,82.4417
131.405,149.897,0.0336356,1,82.9062
127.302,151.644,0.0336152,1,83.3055
123.096,153.188,0.0354671,1,83.6792
118.072,154.718,0.0331778,1,84.1283
113.676,155.79,0.0280559,1,84.5026
108.463,156.767,0.0250129,1,84.938
103.936,157.375,0.0258427,1,85.3051
99.3668,157.775,0.0235092,1,85.6693
93.9947,157.989,0.0195738,1,86.0927
89.3654,157.969,0.0179583,1,86.4522
83.9459,157.721,0.0176204,1,86.8674
79.2917,157.327,0.0151311,1,87.2207
73.8578,156.673,0.0119682,1,87.6314
69.2004,155.96,0.0105566,1,87.9805
63.7701,154.965,0.0102345,1,88.3833
58.3467,153.808,0.0128346,1,88.7805
52.934,152.492,0.0122532,1,89.1737
48.3054,151.244,0.0104162,1,89.5079
42.9197,149.653,0.00948191,1,89.894
37.5509,147.927,0.00971472,1,90.275
32.2016,146.067,0.0117631,1,90.6499
27.6345,144.369,0.0104196,1,90.9681
22.3289,142.268,0.00857711,1,91.3355
17.0481,140.046,0.0078913,1,91.698
11.7925,137.709,0.00775788,1,92.0556
5.81759,134.904,0.00766021,1,92.4585
0.618675,132.336,0.00941597,1,92.805
-5.2863,129.269,0.00862125,1,93.1957
-10.42,126.475,0.00625293,1,93.5334
-15.5239,123.585,0.00535273,1,93.8666
-20.5975,120.6,0.00958299,1,94.1933
-26.3518,117.068,0.0110571,1,94.5607
-31.3425,113.866,0.00885977,1,94.8782
-35.5871,111.042,0.00409812,1,95.1479
-40.5052,107.665,0.00197677,1,95.4589
-44.6957,104.707,0.00429066,1,95.7213
-50.2483,100.678,0.00546586,1,96.066
-55.0741,97.0743,0.00552781,1,96.3633
-59.8691,93.3992,0.00484881,1,96.6567
-65.3117,89.1145,0.00497431,1,96.987
-70.0407,85.2928,0.00575967,1,97.2714
-74.7357,81.4019,0.00731851,1,97.5514
-79.3927,77.4386,0.00732388,1,97.8273
-84.0082,73.401,0.00677587,1,98.0995
-88.5783,69.2869,0.00861129,1,98.3671
-93.097,65.092,0.00902651,1,98.6304
-97.5596,60.8136,0.00781268,1,98.8903
-101.337,57.0796,0.00793178,1,99.1098
-106.304,52.0048,0.00757707,1,99.3982
-109.974,48.1278,0.00666833,1,99.6114
-114.197,43.5301,0.00608475,1,99.8568
-117.766,39.5267,0.00863175,1,100.035
-121.278,35.4695,0.00972979,1,100.036
-125.298,30.6694,0.00889089,1,100.036
-128.673,26.4974,0.00875416,1,100.036
-132.525,21.5624,0.0100342,1,100.036
-135.751,17.2736,0.00915494,1,100.036
-138.905,12.9317,0.00774061,1,100.036
-141.985,8.53781,0.00989929,1,100.035
-145.483,3.34505,0.0110442,1,100.035
-148.393,-1.16381,0.0105894,1,100.035
-151.217,-5.7269,0.0130951,1,100.035
-153.947,-10.3465,0.0147072,1,100.035
-156.576,-15.0247,0.0148335,1,100.035
-159.095,-19.763,0.0155659,1,100.035
-161.104,-23.7582,0.0172789,1,100.034
-163.395,-28.6105,0.0213244,1,100.034
-165.542,-33.5284,0.0208645,1,100.034
-167.85,-39.3479,0.0190807,1,100.034
-169.928,-45.2531,0.0241712,1,100.033
-171.507,-50.3813,0.0257505,1,100.032
-173.092,-56.4375,0.0262852,1,100.032
-174.214,-61.6846,0.0242705,1,100.032
-175.11,-66.975,0.0248223,1,100.032
-175.855,-73.1903,0.0290355,1,100.03
-176.213,-78.5418,0.0371493,0.820808,99.9573
-176.284,-83.8824,0.0404958,0.10185,99.1521
-176.055,-89.0734,0.0438726,0,94.6722
-175.539,-94.0153,0.0451255,0.510576,92.0305
-174.717,-98.8785,0.0445581,1,92.0273
-173.564,-103.685,0.0497182,1,92.257
-172.062,-108.407,0.0500469,1,92.4837
-169.856,-113.766,0.0494237,1,92.7429
-167.573,-118.193,0.0489567,1,92.9584
-164.459,-123.115,0.0478232,1,93.2021
-161.418,-127.09,0.0465797,1,93.4059
-158.056,-130.813,0.0416396,1,93.6115
-153.765,-134.811,0.0372743,1,93.852
-149.806,-137.929,0.0374759,1,94.0535
-145.618,-140.754,0.0310954,1,94.2609
-141.979,-142.887,0.0232595,1,94.4425
-137.463,-145.196,0.020588,1,94.6607
-132.024,-147.566,0.0183669,1,94.9192
-127.245,-149.342,0.0133825,1,95.1473
-122.379,-150.907,0.0127714,1,95.377
-116.614,-152.49,0.0118569,1,95.6471
-111.611,-153.661,0.00957857,1,95.8843
-106.562,-154.681,0.00650242,1,96.121
-101.476,-155.57,0.00577995,1,96.3627
-95.5004,-156.456,0.010996,1,96.6375
-90.3479,-157.09,0.0108432,1,96.8733
-85.1702,-157.614,0.00730478,1,97.1104
-79.9704,-158.035,0.0077772,1,97.3454
-74.7511,-158.357,0.0084011,1,97.5783
-68.6399,-158.614,0.00686847,1,97.8482
-64.262,-158.723,0.00534138,1,98.0398
-58.117,-158.78,0.00681134,1,98.3046
-52.8366,-158.741,0.00772599,1,98.5286
-46.6626,-158.594,0.00681626,1,98.7876
-40.4771,-158.344,0.00596418,1,99.0219
-36.0496,-158.103,0.00581788,1,99.3194
-29.8433,-157.675,0.0103327,1,99.4525
-24.5216,-157.222,0.00913605,1,99.6554
-18.3065,-156.595,0.00384638,1,99.9186
-12.9768,-155.982,0.00251432,1,100.035
-7.65282,-155.308,0.000112435,1,100.036
-1.44916,-154.464,-0.00330587,1,100.036
3.86378,-153.708,-0.005406,1,100.036
8.28964,-153.068,-0.00613184,1,100.036
13.6003,-152.296,-0.0045661,1,100.036
18.9117,-151.53,-0.00407335,1,100.036
25.1105,-150.651,-0.00386792,1,100.036
30.4262,-149.914,-0.00207809,1,100.036
35.7439,-149.193,0.00156869,1,100.036
41.9494,-148.363,0.00233284,1,100.036
47.2689,-147.655,0.00282365,1,100.036
53.4741,-146.822,0.00646611,1,100.036
58.7898,-146.086,0.0128423,1,100.036
64.9836,-145.173,0.0158397,1,100.036
71.157,-144.186,0.0172195,1,99.9431
77.3184,-143.063,0.0221468,1,100.007
83.4421,-141.767,0.0295951,1,100.037
88.6507,-140.476,0.0416132,1,100.037
93.7251,-138.99,0.0441995,0,97.1394
99.329,-137.023,0.0440121,0,93.2521
103.842,-135.121,0.0666386,0,89.9368
108.727,-132.615,0.0745463,0,86.1147
112.554,-130.214,0.0726038,0,82.8941
116.554,-127.131,0.0899414,0,79.1513
119.548,-124.262,0.100852,0,76.0105
122.864,-120.153,0.105886,1,73.2519
124.886,-116.774,0.10653,1,73.6052
126.681,-112.521,0.111842,1,74.0121
127.668,-108.667,0.108474,1,74.3655
128.142,-104.025,0.0844952,1,74.827
128.041,-100.004,0.0630864,1,75.1928
127.307,-95.3423,0.0472077,1,75.642
126,-90.7773,0.0407461,1,76.1108
124.5,-86.9667,0.0212028,1,76.5456
122.087,-82.0263,0.000446729,1,77.1537
120.059,-78.4019,-0.00782753,1,77.6144
117.91,-74.8191,-0.0140593,1,78.0774
115.683,-71.2543,-0.012621,1,78.5423
113.027,-67.0949,-0.0101204,1,79.0861
110.723,-63.5155,-0.00882315,1,79.5493
108.406,-59.9149,-0.00475671,1,80.0078
106.08,-56.2907,-0.00108768,1,80.464
103.746,-52.6429,0.000493146,1,80.9148
101.011,-48.3585,0.000834513,1,81.4347
98.2627,-44.0446,0.000358069,1,81.9483
95.5006,-39.7015,-0.00197113,1,82.458
92.7298,-35.3268,-0.0066277,1,82.9501
90.3652,-31.5419,-0.0236768,1,83.3664
87.6646,-27.058,-0.0365097,1,83.8381
85.4475,-23.1311,-0.0448262,1,84.2301
83.3764,-19.1026,-0.0610517,1,84.5994
81.2423,-14.243,-0.0775771,1,84.994
79.996,-10.7035,-0.106167,0,82.8808
78.9176,-6.49675,-0.118591,0,79.6487
78.2964,-1.68824,-0.128185,0,75.9514
78.2979,2.28489,-0.133796,0,72.778
78.8185,6.0492,-0.136784,1,70.0164
79.889,9.65305,-0.128216,1,70.2743
81.8275,13.6117,-0.115117,1,70.7066
84.0339,16.709,-0.094078,1,71.1252
86.6658,19.4879,-0.0635283,1,71.5884
89.1183,21.5594,-0.0343876,1,71.9983
92.8427,24.1295,-0.0130807,1,72.5824
96.8078,26.3866,-0.00513717,1,73.1671
100.338,28.1388,0.0127299,1,73.6804
103.946,29.7904,0.0258432,1,74.1975
108.216,31.6697,0.0289231,1,74.8036
111.903,33.2947,0.0287538,1,75.3168
116.213,35.2562,0.0281611,1,75.9069
120.513,37.3234,0.0252428,1,76.4995
124.183,39.1953,0.0193186,1,76.9989
128.438,41.5012,0.0151182,1,77.5754
132.06,43.5802,0.0103592,1,78.0637
136.26,46.1155,0.00541831,1,78.6245
139.841,48.372,0.00425665,1,79.1004
143.999,51.0943,0.0102762,1,79.6464
147.544,53.5042,0.0129405,1,80.0988
151.651,56.4116,0.0166677,1,80.6247
155.136,58.9968,0.0243651,1,81.0652
158.001,61.2307,0.036115,1,81.4206
161.37,64.0312,0.0454985,1,81.8347
164.621,66.9981,0.067869,1,82.2151
168.186,70.7271,0.0765107,1,82.6373
170.972,74.1877,0.0842396,1,82.9774
173.428,77.9091,0.093319,1,83.2834
175.145,81.1594,0.102163,0,81.1752
176.724,85.1079,0.105471,0,77.9976
178.012,90.3712,0.0994148,1,75.1451
178.392,94.3922,0.0940958,1,75.4888
178.32,98.4485,0.0805329,1,75.8144
177.737,102.482,0.0689336,1,76.1688
176.68,106.439,0.0583677,1,76.5463
175.195,110.279,0.0520215,1,76.9338
173.329,113.972,0.0435008,1,77.3339
171.137,117.509,0.0275411,1,77.7574
168.678,120.894,0.0174035,1,78.1874
166.461,123.609,0.0161449,1,78.5496
163.634,126.75,0.0171172,1,78.9751
160.137,130.268,0.0172366,1,79.4789
156.988,133.162,0.0227908,1,79.9142
153.708,135.943,0.0247622,1,80.329
150.303,138.605,0.0256409,1,80.7636
146.176,141.553,0.0275532,1,81.2477
141.887,144.316,0.029914,1,81.7326
138.083,146.522,0.0328145,1,82.1457
133.501,148.888,0.0331318,1,82.602
129.454,150.723,0.0326709,1,83.0099
124.602,152.621,0.0354475,1,83.4557
119.619,154.237,0.0338886,1,83.9019
115.256,155.389,0.0287374,1,84.2855
110.821,156.326,0.0256334,1,84.6564
105.573,157.155,0.0253955,1,85.0937
101.023,157.641,0.0255011,1,85.4591
95.6687,157.952,0.0219923,1,85.8839
90.2792,158,0.0194223,1,86.3048
85.6411,157.843,0.0167924,1,86.6635
80.2173,157.444,0.0156282,1,87.0779
75.5635,156.93,0.0140307,1,87.4303
70.1336,156.145,0.0113108,1,87.8392
64.7071,155.18,0.00999034,1,88.2441
59.2874,154.047,0.0127428,1,88.6427
53.8783,152.753,0.012389,1,89.0375
48.4828,151.305,0.010408,1,89.4287
43.1029,149.713,0.0091533,1,89.8159
37.7396,147.985,0.00919386,1,90.1981
32.3952,146.126,0.0114404,1,90.5742
27.8318,144.429,0.0102668,1,90.8934
22.5295,142.332,0.00843315,1,91.262
17.2511,140.116,0.00775462,1,91.6258
11.2485,137.445,0.00775591,1,92.0354
6.02289,134.992,0.00779301,1,92.3886
0.824075,132.433,0.00954349,1,92.7362
-5.08089,129.377,0.009183,1,93.1279
-10.2141,126.591,0.00648138,1,93.4665
-16.0436,123.288,0.00526732,1,93.848
-21.1117,120.296,0.00955629,1,94.1751
-26.8596,116.756,0.0112663,1,94.5426
-31.1347,114.011,0.00894588,1,94.8153
-36.7878,110.239,0.00367151,1,95.1754
-41.6965,106.845,0.002135,1,95.4859
-47.2691,102.872,0.00460127,1,95.8346
-51.4233,99.8301,0.00568632,1,96.0923
-56.2418,96.2138,0.00557054,1,96.3892
-61.7112,91.9943,0.00505162,1,96.7238
-66.4637,88.2283,0.00537632,1,97.0121
-71.8546,83.8387,0.00736457,1,97.3359
-76.5311,79.9193,0.00747998,1,97.6149
-81.1665,75.9247,0.00653009,1,97.8901
-85.7587,71.8548,0.00655111,1,98.1613
-90.3042,67.7078,0.00872562,1,98.4278
-94.7972,63.4798,0.00875781,1,98.6903
-99.2336,59.169,0.00730268,1,98.9494
-103.611,54.7757,0.00742429,1,99.2045
-107.928,50.3005,0.00735914,1,99.4557
-111.578,46.4004,0.00658069,1,99.6682
-115.777,41.7761,0.00816499,1,99.9122
-119.322,37.7486,0.00917157,1,100.035
-123.381,32.9821,0.00887033,1,100.036
-126.791,28.8389,0.00875805,1,100.036
-130.135,24.6417,0.0106117,1,100.036
-133.947,19.6753,0.00946331,1,100.036
-137.137,15.3598,0.00737306,1,100.036
-140.255,10.9926,0.00753097,1,100.036
-143.301,6.57464,0.0106092,1,100.035
-146.271,2.10468,0.0112422,1,100.035
-149.632,-3.1771,0.0105013,1,100.035
-152.876,-8.5318,0.0132506,1,100.035
-155.989,-13.9633,0.0156282,1,100.035
-158.957,-19.4759,0.0162363,1,100.035
-161.763,-25.0722,0.0170565,1,100.035
-164.389,-30.7551,0.0215777,1,100.034
-166.811,-36.5279,0.0219604,1,100.034
-169.004,-42.3914,0.024795,1,100.033
-170.683,-47.4882,0.0243348,1,100.033
-172.389,-53.5111,0.0225685,1,100.033
-173.626,-58.7324,0.024671,1,100.032
-174.644,-64.0008,0.0255367,1,100.032
-175.539,-70.1963,0.0263102,1,100.031
-176.043,-75.5382,0.029906,1,100.03
-176.28,-80.8868,0.0388288,0.421597,99.5684
-176.231,-86.13,0.0422892,0,96.2782
-175.967,-90.3462,0.0447003,0.175622,93.1372
-175.262,-96.0453,0.0452159,1,91.6817
-174.13,-101.679,0.0451978,1,91.958
-172.796,-106.434,0.0504768,1,92.1902
-170.791,-111.853,0.0533656,1,92.4494
-168.675,-116.344,0.0505882,1,92.6696
-166.196,-120.66,0.0473922,1,92.8873
-163.364,-124.766,0.0485588,1,93.0944
-159.636,-129.251,0.0448344,1,93.3346
-156.104,-132.808,0.0394839,1,93.543
-152.297,-136.085,0.0342508,1,93.7536
-147.549,-139.546,0.0334053,1,93.9953
-142.522,-142.614,0.0288519,1,94.2429
-138.027,-144.942,0.0207567,1,94.4641
-132.611,-147.333,0.015312,1,94.7297
-127.048,-149.41,0.0132511,1,94.9981
-121.371,-151.205,0.0147215,1,95.2671
-116.43,-152.54,0.0119663,1,95.5014
-110.596,-153.884,0.00794888,1,95.7826
-105.548,-154.879,0.00656393,1,96.0219
-99.6119,-155.879,0.00685319,1,96.3047
-93.6339,-156.721,0.0112811,1,96.5819
-87.6186,-157.408,0.0106203,1,96.859
-82.4365,-157.878,0.00908194,1,97.0963
-77.2333,-158.243,0.00749714,1,97.3322
-72.0114,-158.509,0.00672652,1,97.5666
-66.7732,-158.684,0.00618405,1,97.7988
-60.6436,-158.778,0.00666379,1,98.0667
-55.3758,-158.77,0.00687381,1,98.2937
-49.2157,-158.659,0.00644158,1,98.5559
-43.9247,-158.481,0.00605082,1,98.7782
-37.7419,-158.183,0.00583906,1,99.0728
-32.4291,-157.847,0.00549475,1,99.288
-26.2286,-157.366,0.00934675,1,99.4626
-20.0208,-156.786,0.00805689,1,99.7368
-14.6952,-156.209,0.00321179,1,99.9413
-9.36803,-155.568,0.000113852,1,100.036
-4.04638,-154.876,-0.00127079,1,100.036
2.15587,-154.022,-0.00308058,1,100.036
8.35379,-153.137,-0.00505402,1,100.036
13.6651,-152.37,-0.00595297,1,100.036
18.9768,-151.606,-0.00385335,1,100.036
24.2898,-150.851,-0.00237718,1,100.036
29.6044,-150.107,-0.00168224,1,100.036
34.9205,-149.374,0.000654834,1,100.036
40.2377,-148.648,0.00158767,1,100.036
46.4416,-147.806,0.00241758,1,100.036
51.7587,-147.08,0.00498568,1,100.036
57.9594,-146.214,0.0092892,1,100.036
63.2691,-145.436,0.0142557,1,100.036
68.5658,-144.61,0.0178251,1,99.7464
73.8555,-143.711,0.0208244,1,100.121
79.9991,-142.513,0.0254404,1,100.01
86.1031,-141.123,0.0306488,1,100.044
91.2756,-139.736,0.042105,0.418178,99.5957
95.4722,-138.426,0.0472671,0,97.214
101.039,-136.347,0.0680872,0,93.2818
105.492,-134.306,0.0682762,0,89.9631
110.279,-131.613,0.0646001,0,86.1554
114.003,-129.055,0.0738623,0,82.9085
117.345,-126.278,0.096,0,79.6906
120.263,-123.295,0.107413,0,76.5138
123.45,-119.04,0.103409,1,73.7247
125.356,-115.565,0.103675,1,74.069
126.803,-111.857,0.111025,1,74.4099
127.738,-107.968,0.104945,1,74.762
128.164,-103.296,0.0831085,1,75.2064
128.011,-99.2555,0.0649947,1,75.5639
127.365,-95.2438,0.0471145,1,75.9441
126.076,-90.6542,0.0386019,1,76.4127
124.585,-86.8227,0.0237743,1,76.8386
122.495,-82.4721,0.00383985,1,77.3607
120.484,-78.8257,-0.00715141,1,77.8177
118.337,-75.229,-0.0130074,1,78.2792
115.342,-70.469,-0.0119062,1,78.8903
112.652,-66.3062,-0.0107385,1,79.4297
109.928,-62.1244,-0.00855208,1,79.9648
107.191,-57.9121,-0.0048189,1,80.4955
104.838,-54.2742,-0.00130688,1,80.9448
102.48,-50.6114,0.000387797,1,81.3907
99.721,-46.3078,-1.96531e-05,1,81.9042
96.5564,-41.35,-0.00142694,1,82.4849
94.1766,-37.6036,-0.0043337,1,82.9115
91.4108,-33.1927,-0.0207383,1,83.3947
89.079,-29.3598,-0.028882,1,83.8043
86.8178,-25.4599,-0.0370198,1,84.2024
84.6711,-21.4723,-0.0509171,1,84.583
82.3929,-16.6785,-0.0668228,1,84.997
80.4724,-11.7048,-0.0806336,1,85.3743
79.4124,-8.08821,-0.11139,0,83.24
78.594,-3.8053,-0.135257,0,79.9728
78.3066,1.05383,-0.134595,0,76.219
78.5359,4.37924,-0.133249,0,73.5403
79.503,8.74262,-0.133383,1,70.747
81.224,12.8284,-0.123328,1,71.0922
83.274,16.0543,-0.103112,1,71.476
86.2429,19.4189,-0.0717456,1,71.9917
89.1821,21.9434,-0.0439708,1,72.46
92.9439,24.5089,-0.0159427,1,73.0303
96.9526,26.746,-0.000911975,1,73.6153
100.519,28.4778,0.0151811,1,74.1199
104.163,30.1086,0.025746,1,74.6312
107.854,31.6991,0.0296698,1,75.1437
112.192,33.5708,0.0308435,1,75.7413
115.917,35.233,0.0301009,1,76.2388
119.634,36.9755,0.026163,1,76.7419
123.951,39.1281,0.0210707,1,77.3215
127.626,41.0832,0.0185836,1,77.8111
131.881,43.4924,0.0116557,1,78.3765
135.502,45.6591,0.00600395,1,78.8536
139.101,47.9089,0.00439018,1,79.3267
143.277,50.6304,0.0103132,1,79.8689
146.834,53.044,0.0119504,1,80.32
150.368,55.534,0.0143873,1,80.7679
154.45,58.5457,0.0217828,1,81.2809
158.468,61.6949,0.0315796,1,81.7781
162.383,65.0169,0.0429174,1,82.2574
166.131,68.5678,0.0713132,1,82.6862
169.607,72.4184,0.0832082,1,83.0863
172.693,76.6165,0.0905079,1,83.4568
174.897,80.4311,0.102271,0,80.8207
176.817,84.9624,0.107843,0,77.1181
177.892,88.8483,0.103395,1,74.2538
178.515,93.4607,0.0960413,1,74.6097
178.543,97.4725,0.0852552,1,74.9605
177.951,102.138,0.0729,1,75.3808
176.712,106.703,0.0599932,1,75.8335
174.898,111.104,0.0504332,1,76.3026
173.294,114.124,0.0385534,1,76.6521
170.692,118.174,0.0213603,1,77.1683
167.758,122.032,0.0161948,1,77.6799
164.562,125.719,0.0159661,1,78.1973
161.65,128.757,0.0161478,1,78.6304
158.6,131.691,0.0182198,1,79.0826
155.421,134.521,0.0246311,1,79.5121
151.555,137.682,0.0280067,1,80.0179
148.107,140.261,0.0280171,1,80.4548
143.931,143.105,0.0297627,1,80.9383
139.592,145.752,0.0339264,1,81.4365
135.091,148.178,0.0338817,1,81.9067
130.437,150.364,0.032366,1,82.3851
126.332,152.035,0.0324133,1,82.7867
121.421,153.733,0.0337486,1,83.2315
116.391,155.146,0.030881,1,83.6914
111.998,156.127,0.0265773,1,84.072
106.795,157.009,0.0245076,1,84.5166
102.281,157.544,0.0254895,1,84.8901
96.9664,157.916,0.0231695,1,85.3224
92.3794,158.025,0.0205249,1,85.6904
87.772,157.949,0.0171766,1,86.057
82.38,157.643,0.0166946,1,86.4796
77.7505,157.204,0.0152993,1,86.8386
72.3465,156.501,0.0121707,1,87.2555
66.9437,155.612,0.0103329,1,87.6689
62.3162,154.714,0.0101291,1,88.0189
56.9242,153.518,0.0126985,1,88.4219
51.5431,152.168,0.012196,1,88.8209
46.1758,150.668,0.0101911,1,89.216
41.5875,149.27,0.00925352,1,89.5513
36.25,147.516,0.00954697,1,89.9376
31.6902,145.909,0.0114883,1,90.2637
26.391,143.913,0.0112308,1,90.6399
21.1161,141.791,0.00859374,1,91.0123
15.8659,139.548,0.00705737,1,91.3801
11.3851,137.536,0.00739616,1,91.6911
6.18136,135.087,0.0101328,1,92.0482
0.269762,132.152,0.00944272,1,92.4507
-4.1376,129.858,0.00715611,1,92.7493
-9.25193,127.086,0.00525064,1,93.0936
-14.3384,124.22,0.00540793,1,93.433
-19.3981,121.265,0.00588915,1,93.7675
-24.4291,118.221,0.0101654,1,94.0958
-30.1357,114.625,0.0109219,1,94.4653
-35.0865,111.372,0.00647191,1,94.7853
-40.6997,107.544,0.00251952,1,95.1465
-45.5774,104.109,0.00411496,1,95.4572
-50.4248,100.599,0.00627685,1,95.7628
-55.9255,96.494,0.0066902,1,96.1069
-60.7026,92.8217,0.0053442,1,96.404
-65.4463,89.0764,0.00498567,1,96.6969
-70.1565,85.2601,0.00582886,1,96.9854
-74.8308,81.372,0.00726569,1,97.2694
-79.4658,77.4099,0.00694269,1,97.5495
-84.0591,73.3732,0.00622721,1,97.8257
-87.9611,69.8532,0.00811776,1,98.0587
-92.4677,65.6734,0.00859998,1,98.3266
-96.2883,62.0263,0.00743484,1,98.5535
-100.694,57.6965,0.00694691,1,98.8146
-104.425,53.9213,0.00767036,1,99.0351
-108.112,50.0869,0.00726542,1,99.2528
-111.755,46.1944,0.00641105,1,99.468
-115.352,42.244,0.0084071,1,99.6799
-118.899,38.2342,0.00956675,1,99.8885
-122.97,33.4801,0.0089954,1,100.036
-126.391,29.346,0.00881158,1,100.036
-129.746,25.158,0.00964327,1,100.036
-133.032,20.9154,0.00989909,1,100.036
-136.247,16.6184,0.0084669,1,100.036
-139.389,12.2685,0.00778929,1,100.036
-142.459,7.86671,0.0103394,1,100.035
-146.431,1.91528,0.0111781,1,100.035
-149.786,-3.37056,0.0105304,1,100.035
-153.021,-8.73028,0.0133981,1,100.035
-156.125,-14.1676,0.0156045,1,100.035
-159.081,-19.6863,0.0160313,1,100.035
-161.875,-25.2885,0.0168709,1,100.035
-164.489,-30.9769,0.0213842,1,100.034
-166.9,-36.7546,0.0217954,1,100.034
-168.785,-41.7783,0.0246092,1,100.033
-170.752,-47.7214,0.0242793,1,100.033
-172.225,-52.8813,0.0226345,1,100.033
-173.681,-58.9697,0.0247088,1,100.032
-174.837,-65.1219,0.0255851,1,100.032
-175.677,-71.3251,0.0266597,1,100.031
-176.18,-77.5636,0.0312433,0.9215,100.01
-176.317,-82.9102,0.0400414,0.229111,99.3577
-176.157,-88.152,0.0474668,0,96.3497
-175.593,-93.9979,0.0460858,0.208194,91.8166
-174.622,-99.6358,0.0436541,1,91.4822
-173.438,-104.405,0.0496759,1,91.7175
-171.617,-109.857,0.0513077,1,91.9879
-169.668,-114.397,0.0505095,1,92.2147
-167.358,-118.778,0.0490684,1,92.4378
-164.694,-122.966,0.0478257,1,92.6545
-161.689,-126.932,0.0463878,1,92.8671
-157.779,-131.242,0.0421922,1,93.1147
-154.113,-134.642,0.038135,1,93.3271
-150.187,-137.758,0.036514,1,93.5378
-145.322,-141.027,0.0309501,1,93.7887
-140.945,-143.521,0.0239948,1,94.0118
-136.411,-145.744,0.0194636,1,94.2391
-130.962,-148.024,0.0156315,1,94.5087
-126.183,-149.736,0.0120744,1,94.745
-121.322,-151.247,0.0129701,1,94.9813
-116.395,-152.574,0.011868,1,95.2204
-111.413,-153.735,0.00890363,1,95.4634
-106.386,-154.75,0.0067774,1,95.7074
-101.321,-155.634,0.00671586,1,95.9532
-96.2232,-156.399,0.011493,1,96.1946
-90.239,-157.143,0.0108758,1,96.4761
-85.0819,-157.66,0.00741387,1,96.7183
-79.9025,-158.072,0.00780632,1,96.9583
-73.8349,-158.429,0.00825245,1,97.2356
-68.6154,-158.632,0.0065983,1,97.4717
-63.3805,-158.748,0.00574492,1,97.7059
-58.132,-158.78,0.00653817,1,97.9374
-51.9934,-158.718,0.00698307,1,98.2043
-46.7199,-158.58,0.00638167,1,98.4307
-41.4378,-158.368,0.00576819,1,98.5529
-35.2613,-158.031,0.00563546,1,99.0037
-29.9599,-157.66,0.0103442,1,99.11
-24.6559,-157.215,0.00883358,1,99.3174
-18.4607,-156.6,0.0038917,1,99.5858
-12.2596,-155.894,0.00206638,1,99.8243
-6.93986,-155.226,0.000751504,1,100.032
-0.735127,-154.39,-0.00273482,1,100.036
4.57886,-153.642,-0.00521042,1,100.036
10.7762,-152.752,-0.00570418,1,100.036
16.9733,-151.862,-0.00378589,1,100.036
23.1718,-150.981,-0.00310406,1,100.036
29.3726,-150.115,-0.00248514,1,100.036
35.5756,-149.267,0.00106715,1,100.036
40.8936,-148.548,0.00223997,1,100.036
47.0983,-147.711,0.00283189,1,100.036
52.4158,-146.988,0.00536709,1,100.036
58.6165,-146.123,0.00987244,1,100.036
63.9257,-145.342,0.0148347,1,100.036
69.2206,-144.515,0.0183795,1,99.8483
74.5097,-143.601,0.0214194,1,100.048
80.6496,-142.386,0.0263651,1,100.016
85.8804,-141.188,0.0311303,1,100.044
91.0506,-139.808,0.0423324,0.252578,99.4314
96.0572,-138.23,0.0465382,0,96.4532
101.573,-136.146,0.0471191,0,92.574
106,-134.136,0.0688043,0,89.2599
110.766,-131.499,0.0792852,0,85.4384
114.472,-128.981,0.0798749,0,82.2056
117.792,-126.236,0.0953912,0,79.0019
121.125,-122.769,0.109988,0,75.3119
123.828,-119.067,0.108706,1,72.5366
125.684,-115.638,0.106678,1,72.8767
127.268,-111.349,0.10942,1,73.3018
128.154,-106.837,0.102864,1,73.7385
128.362,-102.876,0.0787318,1,74.1363
128.097,-98.8981,0.0551515,1,74.5226
127.374,-94.9552,0.042055,1,74.9348
126.254,-91.0821,0.0372096,1,75.3567
124.8,-87.2964,0.021618,1,75.8022
122.772,-82.987,0.00479044,1,76.3434
120.824,-79.3681,-0.00407691,1,76.8159
118.385,-75.2027,-0.010237,1,77.3696
115.83,-71.066,-0.00979899,1,77.9195
113.206,-66.9323,-0.0084864,1,78.4738
110.54,-62.7839,-0.00699694,1,79.0224
108.236,-59.2084,-0.00305022,1,79.4882
105.529,-55.0113,0.000325214,1,80.0275
102.803,-50.7867,0.00100084,1,80.5595
100.058,-46.5353,0.000415038,1,81.0844
97.2948,-42.2567,-0.00127012,1,81.6059
94.9142,-38.5666,-0.00485323,1,82.0401
92.5365,-34.8473,-0.0205769,1,82.4678
90.1873,-31.083,-0.0269414,1,82.8898
87.8955,-27.2575,-0.0310599,1,83.3036
85.3418,-22.6934,-0.0438922,1,83.7686
83.3137,-18.6706,-0.060546,1,84.1429
81.2346,-13.8181,-0.0778365,1,84.5429
79.8245,-9.58255,-0.10626,0,81.8981
78.759,-4.70868,-0.118616,0,78.1825
78.392,-0.632824,-0.130625,0,75.0227
78.5043,3.28767,-0.138929,0,71.831
79.1411,6.98356,-0.137876,1,69.1168
80.3171,10.505,-0.123859,1,69.4124
82.0217,13.8255,-0.111195,1,69.8071
84.2093,16.878,-0.0911679,1,70.247
87.2759,20.0506,-0.0648591,1,70.8002
90.2512,22.4338,-0.036714,1,71.3011
93.4598,24.5436,-0.00857616,1,71.82
97.4071,26.7371,0.00407802,1,72.4274
100.91,28.4561,0.0134476,1,72.9527
104.485,30.0881,0.0227625,1,73.48
108.712,31.9545,0.0283724,1,74.0982
112.36,33.5741,0.029247,1,74.6212
116.014,35.247,0.0267532,1,75.1357
120.272,37.2932,0.0230802,1,75.7397
123.908,39.1414,0.0191142,1,76.2487
127.527,41.082,0.0159167,1,76.7523
131.126,43.114,0.0104054,1,77.2507
135.301,45.5918,0.00610052,1,77.8234
138.863,47.7982,0.00514894,1,78.309
142.411,50.076,0.0108164,1,78.7867
146.529,52.8234,0.0125533,1,79.3301
150.036,55.2583,0.0141166,1,79.7912
153.516,57.775,0.0223888,1,80.2438
157.52,60.8371,0.0324352,1,80.7561
160.878,63.5948,0.0405583,1,81.1837
164.654,67.0167,0.0677771,1,81.6363
167.704,70.1745,0.0766685,1,82.0065
170.952,74.165,0.0838096,1,82.414
173.387,77.8647,0.0905605,1,82.734
175.702,82.4752,0.101341,0.273436,82.1359
177.126,86.5367,0.10575,0,78.8185
178.003,90.564,0.0969958,1,75.8813
178.399,95.9848,0.0880914,1,76.2385
178.136,100.073,0.0798748,1,76.5542
177.366,104.116,0.065762,1,76.9042
175.88,108.707,0.0589121,1,77.3297
173.831,113.106,0.0469295,1,77.7806
172.069,116.113,0.0313731,1,78.1195
169.266,120.139,0.0180377,1,78.6107
166.147,123.966,0.0171037,1,79.1062
162.777,127.615,0.016473,1,79.5928
159.199,131.106,0.0155908,1,80.0947
155.986,133.978,0.021918,1,80.5148
152.078,137.186,0.0253674,1,80.9977
148.003,140.23,0.0262766,1,81.4933
144.381,142.7,0.0284007,1,81.8936
140.005,145.401,0.033274,1,82.375
136.126,147.543,0.0335973,1,82.7675
131.458,149.823,0.0323597,1,83.2266
126.642,151.849,0.0328707,1,83.686
121.691,153.601,0.0352162,1,84.1139
117.349,154.871,0.032097,1,84.501
112.928,155.923,0.0273098,1,84.8712
108.441,156.759,0.0256954,1,85.238
103.9,157.383,0.0266938,1,85.6014
99.316,157.797,0.024387,1,85.9611
94.6985,158.007,0.020319,1,86.3204
89.2817,158.009,0.0186164,1,86.7353
84.6221,157.814,0.0170811,1,87.0882
79.9539,157.448,0.0154506,1,87.4381
75.282,156.922,0.0133466,1,87.7861
69.8318,156.124,0.0112795,1,88.1896
65.1634,155.294,0.0103157,1,88.5321
59.7239,154.169,0.0127422,1,88.9262
55.0702,153.074,0.0122966,1,89.261
49.6537,151.652,0.0104184,1,89.6486
45.0233,150.315,0.0093635,1,89.9776
39.6368,148.627,0.00926596,1,90.357
35.0348,147.074,0.0117335,1,90.6773
29.6862,145.138,0.0105235,1,91.0472
25.1205,143.375,0.0089189,1,91.3611
19.8164,141.205,0.00780247,1,91.7233
15.2897,139.252,0.00754123,1,92.0297
10.0314,136.871,0.00746778,1,92.3827
4.79927,134.382,0.00967662,1,92.7301
-0.403755,131.784,0.00931007,1,93.0729
-5.5761,129.078,0.00695312,1,93.4119
-10.7185,126.272,0.00567107,1,93.7466
-15.832,123.372,0.00598448,1,94.0764
-20.9152,120.378,0.00988109,1,94.4001
-25.9627,117.285,0.0107566,1,94.7191
-30.9694,114.09,0.00879786,1,95.0343
-35.9352,110.796,0.00476025,1,95.3463
-40.8642,107.413,0.00262764,1,95.6543
-46.458,103.45,0.00434904,1,96.0003
-51.3197,99.9016,0.00556397,1,96.2983
-56.1502,96.28,0.00586559,1,96.5921
-60.9487,92.5861,0.00521405,1,96.8821
-65.715,88.8216,0.00519664,1,97.1681
-70.4477,84.9866,0.0071213,1,97.4494
-74.4745,81.6414,0.00732186,1,97.6874
-79.1351,77.6693,0.0063449,1,97.9616
-83.7538,73.6228,0.00629538,1,98.2318
-87.6772,70.0941,0.00859321,1,98.4596
-92.2076,65.9033,0.00871397,1,98.7218
-96.0476,62.2462,0.00729527,1,98.9437
-99.8462,58.5293,0.00697851,1,99.1628
-104.224,54.1173,0.00785575,1,99.4147
-107.927,50.2708,0.00738176,1,99.6275
-111.585,46.3653,0.00628454,1,99.8381
-115.793,41.7355,0.00820343,1,100.035
-119.926,37.0325,0.00944349,1,100.036
-123.975,32.2574,0.00902371,1,100.036
-127.376,28.1063,0.00885789,1,100.036
-130.709,23.9009,0.0104778,1,100.036
-133.972,19.6403,0.00937614,1,100.036
-137.163,15.3255,0.00749137,1,100.036
-139.767,11.6901,0.00773077,1,100.036
-142.825,7.28059,0.0106482,1,100.035
-146.296,2.06969,0.0110082,1,100.035
-149.182,-2.45436,0.0102623,1,100.035
-152.44,-7.80043,0.013313,1,100.035
-155.568,-13.2235,0.015317,1,100.035
-158.552,-18.7273,0.0156394,1,100.035
-160.984,-23.5107,0.0166061,1,100.034
-163.658,-29.1714,0.0215188,1,100.034
-166.132,-34.922,0.0216392,1,100.034
-168.079,-39.9223,0.0194513,1,100.034
-170.133,-45.836,0.0239707,1,100.033
-171.689,-50.9714,0.0256736,1,100.032
-173.039,-56.1646,0.0261151,1,100.032
-174.339,-62.288,0.0241699,1,100.032
-175.209,-67.5828,0.0247227,1,100.031
-175.922,-73.8019,0.0296285,1,100.03
-176.25,-79.1525,0.0378293,0.699609,99.8439
-176.267,-85.3652,0.040931,0.0247485,98.7051
-175.862,-91.4606,0.0440946,0,96.7113
-175.165,-96.5721,0.0459533,0.814096,96.0738
-174.115,-101.618,0.0529495,1,96.1558
-172.686,-106.579,0.0504925,1,96.3281
-170.525,-112.212,0.0470244,1,96.5285
-168.253,-116.87,0.0476077,1,96.6897
-165.119,-122.051,0.048041,1,96.8667
-162.032,-126.235,0.0473974,1,97.0124
-159.194,-129.517,0.0413915,1,97.1376
-155.495,-133.192,0.0363269,1,97.2918
-151.51,-136.569,0.0349236,1,97.443
-146.546,-140.118,0.0343417,1,97.6171
-142.056,-142.822,0.0279131,1,97.7767
-137.389,-145.225,0.01966,1,97.9464
-132.578,-147.348,0.0161712,1,98.1218
-126.82,-149.505,0.0140455,1,98.3312
-121.788,-151.102,0.0145458,1,98.513
-116.683,-152.49,0.0110743,1,98.701
-111.52,-153.691,0.00747498,1,98.8964
-106.311,-154.729,0.00604681,1,99.0919
-101.066,-155.627,0.00596437,1,99.293
-95.789,-156.398,0.0100237,1,99.4891
-89.5992,-157.145,0.00945671,1,99.7216
-84.2685,-157.663,0.00664644,1,99.9219
-78.0269,-158.134,0.00732867,1,100.035
-72.6689,-158.43,0.00789963,1,100.035
-67.3063,-158.632,0.00639599,1,100.035
-61.9412,-158.744,0.00629599,1,100.035
-56.5749,-158.771,0.00731503,1,100.035
-51.2089,-158.714,0.00747206,1,100.035
-45.8443,-158.576,0.00674825,1,100.036
-40.4832,-158.359,0.00627331,1,100.048
-35.1242,-158.066,0.0060742,1,100.032
-29.7719,-157.693,0.0103881,1,100.019
-23.5341,-157.159,0.00883647,1,100.041
-18.1952,-156.615,0.00395535,1,100.036
-11.9763,-155.893,0.00195206,1,100.035
-6.65363,-155.209,0.000135445,1,100.036
-1.33698,-154.481,-0.00357951,1,100.036
4.86069,-153.594,-0.00592622,1,100.036
10.1711,-152.82,-0.00606691,1,100.036
16.3667,-151.919,-0.00439879,1,100.036
